name,email,mobile
Dr. Sarah Chen,sarah.chen@gmail.com,212-555-0148
Michael Reyes PMHNP,mreyes@sunrisepsychiatry.com,310-555-0122
Dr. Amara Okafor,amara.okafor@yahoo.com,617-555-0199
Dr. James Whitfield,jwhitfield@coastalbehavioralhealth.com,415-555-0177
Priya Natarajan LCSW,priya.natarajan@outlook.com,512-555-0163
Dr. Robert Kim,rkim@valleymentalhealthgroup.com,773-555-0114
Dr. Elena Vasquez,elena.vasquez@icloud.com,602-555-0136
David Okonkwo PMHNP,dokonkwo@urbanwellnessclinic.com,206-555-0192
Dr. Grace Liu,grace.liu@gmail.com,404-555-0155
Dr. Thomas Berg,tberg@mindfulcarepartners.com,303-555-0141
Dr. Fatima Al-Sayed,fatima.alsayed@yahoo.com,619-555-0128
Nathan Cole LCSW,ncole@behavioralhealthgroup.org,469-555-0173
Dr. Rachel Sussman,rachel.sussman@gmail.com,646-555-0159
Dr. Marcus Bell,mbell@coastalpsych.net,702-555-0146
Dr. Olivia Nguyen,olivia.nguyen@outlook.com,305-555-0181
Dr. Hassan Malik,hmalik@sunrisepsychiatry.com,312-555-0167
Dr. Kendra Ford,kendra.ford@icloud.com,214-555-0134
Aaron Feldman PMHNP,afeldman@valleymentalhealthgroup.com,913-555-0158
Dr. Yuki Tanaka,yuki.tanaka@gmail.com,503-555-0129
Dr. Isabel Ortiz,iortiz@urbanwellnessclinic.com,720-555-0187
Dr. Wesley Grant,wgrant@yahoo.com,704-555-0142
Dr. Naomi Perlman,naomi.perlman@mindfulcarepartners.com,617-555-0175
Chris Donovan LCSW,cdonovan@gmail.com,614-555-0166
Dr. Priyanka Sharma,psharma@coastalbehavioralhealth.com,415-555-0193
Dr. Leon Marsh,leon.marsh@outlook.com,847-555-0121
Dr. Ingrid Solberg,isolberg@behavioralhealthgroup.org,206-555-0138
Dr. Samuel Weiss,samuel.weiss@icloud.com,713-555-0184
Dr. Zoe Anderson,zoe.anderson@gmail.com,602-555-0117
Marcus Webb PMHNP,mwebb@valleymentalhealthgroup.com,404-555-0152
Dr. Camille Fontaine,cfontaine@yahoo.com,212-555-0169
Dr. Deepak Rao,deepak.rao@sunrisepsychiatry.com,510-555-0143
Dr. Bianca Torres,bianca.torres@gmail.com,619-555-0126
Dr. Owen McAllister,omcallister@coastalpsych.net,617-555-0188
Simone Achebe LCSW,sachebe@urbanwellnessclinic.com,312-555-0154
Dr. Peter Lindqvist,peter.lindqvist@outlook.com,303-555-0161
Dr. Renata Silva,renata.silva@mindfulcarepartners.com,646-555-0179
,broken.record@gmail.com,415-555-0100
Dr. Missing Number,missing.mobile@yahoo.com,
Dr. Bad Email,not-an-email,617-555-0111
Dr. Short Phone,short.phone@gmail.com,555-0199
